{
    "total_num_leds": 88,
    "total_length": 6.06,
    "total_num_segments": 1,
    "led_segments": [
        {
            "uid": 1,
            "name": "face_front",
            "num_leds": 88,
            "length": 6.06,
            "led_positions": [
                [
                    -0.19658188331718798,
                    0.009219308743886784,
                    0.0
                ],
                [
                    -0.15237566990684293,
                    0.060010992225771935,
                    0.0
                ],
                [
                    -0.06808676954755505,
                    0.04586853347057436,
                    0.0
                ],
                [
                    0.0162021308117328,
                    0.031726074715376786,
                    0.0
                ],
                [
                    0.10049103117102068,
                    0.01758361596017921,
                    0.0
                ],
                [
                    0.1508454705354794,
                    0.032299641750920025,
                    0.0
                ],
                [
                    0.12334783386027741,
                    0.11322249291608232,
                    0.0
                ],
                [
                    0.09531173371764576,
                    0.19395949380858063,
                    0.0
                ],
                [
                    0.0683544399330192,
                    0.2750626642881903,
                    0.0
                ],
                [
                    0.04085680325781719,
                    0.3559855154533526,
                    0.0
                ],
                [
                    0.01335916658261518,
                    0.4369083666185149,
                    0.0
                ],
                [
                    -0.05920404190355219,
                    0.4549216553266913,
                    0.0
                ],
                [
                    -0.0845071831206966,
                    0.3734620843824818,
                    0.0
                ],
                [
                    -0.10964185238445517,
                    0.29177440927526693,
                    0.0
                ],
                [
                    -0.13477652164821372,
                    0.21008673416805207,
                    0.0
                ],
                [
                    -0.19658188331718798,
                    0.009219308743886784,
                    0.0
                ],
                [
                    -0.14635503416689377,
                    0.05900081660040068,
                    0.0
                ],
                [
                    -0.05604549806765678,
                    0.04384818221983185,
                    0.0
                ],
                [
                    0.03426403803158026,
                    0.028695547839263015,
                    0.0
                ],
                [
                    0.12457357413081724,
                    0.013542913458694184,
                    0.0
                ],
                [
                    0.14102488600862154,
                    0.061200660024192326,
                    0.0
                ],
                [
                    0.11146667259961654,
                    0.147870421804649,
                    0.0
                ],
                [
                    0.08183871844627562,
                    0.23451270431902577,
                    0.0
                ],
                [
                    0.052641504690046595,
                    0.321304293525426,
                    0.0
                ],
                [
                    0.02317975110947302,
                    0.4080073483452427,
                    0.0
                ],
                [
                    -0.034784865993707316,
                    0.4549216553266913,
                    0.0
                ],
                [
                    -0.07912118256417694,
                    0.39096658619117064,
                    0.0
                ],
                [
                    -0.1060511853467754,
                    0.3034440771477261,
                    0.0
                ],
                [
                    -0.13298118812937385,
                    0.2159215681042816,
                    0.0
                ],
                [
                    -0.19658188331718798,
                    0.009219308743886784,
                    0.0
                ],
                [
                    -0.14635503416689377,
                    0.05900081660040068,
                    0.0
                ],
                [
                    -0.05604549806765678,
                    0.04384818221983185,
                    0.0
                ],
                [
                    0.03426403803158026,
                    0.028695547839263015,
                    0.0
                ],
                [
                    0.12457357413081724,
                    0.013542913458694184,
                    0.0
                ],
                [
                    0.14102488600862154,
                    0.061200660024192326,
                    0.0
                ],
                [
                    0.11146667259961654,
                    0.147870421804649,
                    0.0
                ],
                [
                    0.08183871844627562,
                    0.23451270431902577,
                    0.0
                ],
                [
                    0.052641504690046595,
                    0.321304293525426,
                    0.0
                ],
                [
                    0.02317975110947302,
                    0.4080073483452427,
                    0.0
                ],
                [
                    -0.034784865993707316,
                    0.4549216553266913,
                    0.0
                ],
                [
                    -0.07912118256417694,
                    0.39096658619117064,
                    0.0
                ],
                [
                    -0.1060511853467754,
                    0.3034440771477261,
                    0.0
                ],
                [
                    -0.13298118812937385,
                    0.2159215681042816,
                    0.0
                ],
                [
                    -0.19658188331718798,
                    0.009219308743886784,
                    0.0
                ],
                [
                    -0.14635503416689377,
                    0.05900081660040068,
                    0.0
                ],
                [
                    -0.05604549806765678,
                    0.04384818221983185,
                    0.0
                ],
                [
                    0.03426403803158026,
                    0.028695547839263015,
                    0.0
                ],
                [
                    0.12457357413081724,
                    0.013542913458694184,
                    0.0
                ],
                [
                    0.14102488600862154,
                    0.061200660024192326,
                    0.0
                ],
                [
                    0.11146667259961654,
                    0.147870421804649,
                    0.0
                ],
                [
                    0.08183871844627562,
                    0.23451270431902577,
                    0.0
                ],
                [
                    0.052641504690046595,
                    0.321304293525426,
                    0.0
                ],
                [
                    0.02317975110947302,
                    0.4080073483452427,
                    0.0
                ],
                [
                    -0.034784865993707316,
                    0.4549216553266913,
                    0.0
                ],
